Id,Game,Series,Country,Details,Ban Category,Ban Status,Wikipedia Profile,Image,Summary,Developer,Publisher,Genre,Homepage
Id,Game,Series,Country,Details,Ban Category,Ban Status,Wikipedia Profile,Image,Summary,Developer,Publisher,Genre,Homepage
Id,Game,Series,Country,Details,Ban Category,Ban Status,Wikipedia Profile,Image,Summary,Developer,Publisher,Genre,Homepage
Id,Game,Series,Country,Details,Ban Category,Ban Status,Wikipedia Profile,Image,Summary,Developer,Publisher,Genre,Homepage
Id,Game,Series,Country,Details,Ban Category,Ban Status,Wikipedia Profile,Image,Summary,Developer,Publisher,Genre,Homepage
Id,Game,Series,Country,Details,Ban Category,Ban Status,Wikipedia Profile,Image,Summary,Developer,Publisher,Genre,Homepage
Id,Game,Series,Country,Details,Ban Category,Ban Status,Wikipedia Profile,Image,Summary,Developer,Publisher,Genre,Homepage
Id,Game,Series,Country,Details,Ban Category,Ban Status,Wikipedia Profile,Image,Summary,Developer,Publisher,Genre,Homepage
Id,Game,Series,Country,Details,Ban Category,Ban Status,Wikipedia Profile,Image,Summary,Developer,Publisher,Genre,Homepage
Id,Game,Series,Country,Details,Ban Category,Ban Status,Wikipedia Profile,Image,Summary,Developer,Publisher,Genre,Homepage
Id,Game,Series,Country,Details,Ban Category,Ban Status,Wikipedia Profile,Image,Summary,Developer,Publisher,Genre,Homepage
Id,Game,Series,Country,Details,Ban Category,Ban Status,Wikipedia Profile,Image,Summary,Developer,Publisher,Genre,Homepage
Id,Game,Series,Country,Details,Ban Category,Ban Status,Wikipedia Profile,Image,Summary,Developer,Publisher,Genre,Homepage
Id,Game,Series,Country,Details,Ban Category,Ban Status,Wikipedia Profile,Image,Summary,Developer,Publisher,Genre,Homepage
Id,Game,Series,Country,Details,Ban Category,Ban Status,Wikipedia Profile,Image,Summary,Developer,Publisher,Genre,Homepage
Id,Game,Series,Country,Details,Ban Category,Ban Status,Wikipedia Profile,Image,Summary,Developer,Publisher,Genre,Homepage
Id,Game,Series,Country,Details,Ban Category,Ban Status,Wikipedia Profile,Image,Summary,Developer,Publisher,Genre,Homepage
Id,Game,Series,Country,Details,Ban Category,Ban Status,Wikipedia Profile,Image,Summary,Developer,Publisher,Genre,Homepage
Id,Game,Series,Country,Details,Ban Category,Ban Status,Wikipedia Profile,Image,Summary,Developer,Publisher,Genre,Homepage
Id,Game,Series,Country,Details,Ban Category,Ban Status,Wikipedia Profile,Image,Summary,Developer,Publisher,Genre,Homepage
Id,Game,Series,Country,Details,Ban Category,Ban Status,Wikipedia Profile,Image,Summary,Developer,Publisher,Genre,Homepage
Id,Game,Series,Country,Details,Ban Category,Ban Status,Wikipedia Profile,Image,Summary,Developer,Publisher,Genre,Homepage
Id,Game,Series,Country,Details,Ban Category,Ban Status,Wikipedia Profile,Image,Summary,Developer,Publisher,Genre,Homepage
Id,Game,Series,Country,Details,Ban Category,Ban Status,Wikipedia Profile,Image,Summary,Developer,Publisher,Genre,Homepage
Id,Game,Series,Country,Details,Ban Category,Ban Status,Wikipedia Profile,Image,Summary,Developer,Publisher,Genre,Homepage
Id,Game,Series,Country,Details,Ban Category,Ban Status,Wikipedia Profile,Image,Summary,Developer,Publisher,Genre,Homepage
Id,Game,Series,Country,Details,Ban Category,Ban Status,Wikipedia Profile,Image,Summary,Developer,Publisher,Genre,Homepage
Id,Game,Series,Country,Details,Ban Category,Ban Status,Wikipedia Profile,Image,Summary,Developer,Publisher,Genre,Homepage
Id,Game,Series,Country,Details,Ban Category,Ban Status,Wikipedia Profile,Image,Summary,Developer,Publisher,Genre,Homepage
Id,Game,Series,Country,Details,Ban Category,Ban Status,Wikipedia Profile,Image,Summary,Developer,Publisher,Genre,Homepage
Id,Game,Series,Country,Details,Ban Category,Ban Status,Wikipedia Profile,Image,Summary,Developer,Publisher,Genre,Homepage
Id,Game,Series,Country,Details,Ban Category,Ban Status,Wikipedia Profile,Image,Summary,Developer,Publisher,Genre,Homepage
Id,Game,Series,Country,Details,Ban Category,Ban Status,Wikipedia Profile,Image,Summary,Developer,Publisher,Genre,Homepage
Id,Game,Series,Country,Details,Ban Category,Ban Status,Wikipedia Profile,Image,Summary,Developer,Publisher,Genre,Homepage
Id,Game,Series,Country,Details,Ban Category,Ban Status,Wikipedia Profile,Image,Summary,Developer,Publisher,Genre,Homepage
Id,Game,Series,Country,Details,Ban Category,Ban Status,Wikipedia Profile,Image,Summary,Developer,Publisher,Genre,Homepage
Id,Game,Series,Country,Details,Ban Category,Ban Status,Wikipedia Profile,Image,Summary,Developer,Publisher,Genre,Homepage
Id,Game,Series,Country,Details,Ban Category,Ban Status,Wikipedia Profile,Image,Summary,Developer,Publisher,Genre,Homepage
Id,Game,Series,Country,Details,Ban Category,Ban Status,Wikipedia Profile,Image,Summary,Developer,Publisher,Genre,Homepage
Id,Game,Series,Country,Details,Ban Category,Ban Status,Wikipedia Profile,Image,Summary,Developer,Publisher,Genre,Homepage
Id,Game,Series,Country,Details,Ban Category,Ban Status,Wikipedia Profile,Image,Summary,Developer,Publisher,Genre,Homepage
Id,Game,Series,Country,Details,Ban Category,Ban Status,Wikipedia Profile,Image,Summary,Developer,Publisher,Genre,Homepage
Id,Game,Series,Country,Details,Ban Category,Ban Status,Wikipedia Profile,Image,Summary,Developer,Publisher,Genre,Homepage
Id,Game,Series,Country,Details,Ban Category,Ban Status,Wikipedia Profile,Image,Summary,Developer,Publisher,Genre,Homepage
Id,Game,Series,Country,Details,Ban Category,Ban Status,Wikipedia Profile,Image,Summary,Developer,Publisher,Genre,Homepage
Id,Game,Series,Country,Details,Ban Category,Ban Status,Wikipedia Profile,Image,Summary,Developer,Publisher,Genre,Homepage
Id,Game,Series,Country,Details,Ban Category,Ban Status,Wikipedia Profile,Image,Summary,Developer,Publisher,Genre,Homepage
Id,Game,Series,Country,Details,Ban Category,Ban Status,Wikipedia Profile,Image,Summary,Developer,Publisher,Genre,Homepage
Id,Game,Series,Country,Details,Ban Category,Ban Status,Wikipedia Profile,Image,Summary,Developer,Publisher,Genre,Homepage
Id,Game,Series,Country,Details,Ban Category,Ban Status,Wikipedia Profile,Image,Summary,Developer,Publisher,Genre,Homepage
Id,Game,Series,Country,Details,Ban Category,Ban Status,Wikipedia Profile,Image,Summary,Developer,Publisher,Genre,Homepage
Id,Game,Series,Country,Details,Ban Category,Ban Status,Wikipedia Profile,Image,Summary,Developer,Publisher,Genre,Homepage
Id,Game,Series,Country,Details,Ban Category,Ban Status,Wikipedia Profile,Image,Summary,Developer,Publisher,Genre,Homepage
Id,Game,Series,Country,Details,Ban Category,Ban Status,Wikipedia Profile,Image,Summary,Developer,Publisher,Genre,Homepage
Id,Game,Series,Country,Details,Ban Category,Ban Status,Wikipedia Profile,Image,Summary,Developer,Publisher,Genre,Homepage
Id,Game,Series,Country,Details,Ban Category,Ban Status,Wikipedia Profile,Image,Summary,Developer,Publisher,Genre,Homepage
Id,Game,Series,Country,Details,Ban Category,Ban Status,Wikipedia Profile,Image,Summary,Developer,Publisher,Genre,Homepage
Id,Game,Series,Country,Details,Ban Category,Ban Status,Wikipedia Profile,Image,Summary,Developer,Publisher,Genre,Homepage
Id,Game,Series,Country,Details,Ban Category,Ban Status,Wikipedia Profile,Image,Summary,Developer,Publisher,Genre,Homepage
Id,Game,Series,Country,Details,Ban Category,Ban Status,Wikipedia Profile,Image,Summary,Developer,Publisher,Genre,Homepage
Id,Game,Series,Country,Details,Ban Category,Ban Status,Wikipedia Profile,Image,Summary,Developer,Publisher,Genre,Homepage
Id,Game,Series,Country,Details,Ban Category,Ban Status,Wikipedia Profile,Image,Summary,Developer,Publisher,Genre,Homepage
Id,Game,Series,Country,Details,Ban Category,Ban Status,Wikipedia Profile,Image,Summary,Developer,Publisher,Genre,Homepage
Id,Game,Series,Country,Details,Ban Category,Ban Status,Wikipedia Profile,Image,Summary,Developer,Publisher,Genre,Homepage
Id,Game,Series,Country,Details,Ban Category,Ban Status,Wikipedia Profile,Image,Summary,Developer,Publisher,Genre,Homepage
Id,Game,Series,Country,Details,Ban Category,Ban Status,Wikipedia Profile,Image,Summary,Developer,Publisher,Genre,Homepage
Id,Game,Series,Country,Details,Ban Category,Ban Status,Wikipedia Profile,Image,Summary,Developer,Publisher,Genre,Homepage
Id,Game,Series,Country,Details,Ban Category,Ban Status,Wikipedia Profile,Image,Summary,Developer,Publisher,Genre,Homepage
Id,Game,Series,Country,Details,Ban Category,Ban Status,Wikipedia Profile,Image,Summary,Developer,Publisher,Genre,Homepage
Id,Game,Series,Country,Details,Ban Category,Ban Status,Wikipedia Profile,Image,Summary,Developer,Publisher,Genre,Homepage
Id,Game,Series,Country,Details,Ban Category,Ban Status,Wikipedia Profile,Image,Summary,Developer,Publisher,Genre,Homepage
Id,Game,Series,Country,Details,Ban Category,Ban Status,Wikipedia Profile,Image,Summary,Developer,Publisher,Genre,Homepage
Id,Game,Series,Country,Details,Ban Category,Ban Status,Wikipedia Profile,Image,Summary,Developer,Publisher,Genre,Homepage
Id,Game,Series,Country,Details,Ban Category,Ban Status,Wikipedia Profile,Image,Summary,Developer,Publisher,Genre,Homepage
Id,Game,Series,Country,Details,Ban Category,Ban Status,Wikipedia Profile,Image,Summary,Developer,Publisher,Genre,Homepage
Id,Game,Series,Country,Details,Ban Category,Ban Status,Wikipedia Profile,Image,Summary,Developer,Publisher,Genre,Homepage
Id,Game,Series,Country,Details,Ban Category,Ban Status,Wikipedia Profile,Image,Summary,Developer,Publisher,Genre,Homepage
Id,Game,Series,Country,Details,Ban Category,Ban Status,Wikipedia Profile,Image,Summary,Developer,Publisher,Genre,Homepage
Id,Game,Series,Country,Details,Ban Category,Ban Status,Wikipedia Profile,Image,Summary,Developer,Publisher,Genre,Homepage
Id,Game,Series,Country,Details,Ban Category,Ban Status,Wikipedia Profile,Image,Summary,Developer,Publisher,Genre,Homepage
Id,Game,Series,Country,Details,Ban Category,Ban Status,Wikipedia Profile,Image,Summary,Developer,Publisher,Genre,Homepage
Id,Game,Series,Country,Details,Ban Category,Ban Status,Wikipedia Profile,Image,Summary,Developer,Publisher,Genre,Homepage
Id,Game,Series,Country,Details,Ban Category,Ban Status,Wikipedia Profile,Image,Summary,Developer,Publisher,Genre,Homepage
Id,Game,Series,Country,Details,Ban Category,Ban Status,Wikipedia Profile,Image,Summary,Developer,Publisher,Genre,Homepage
Id,Game,Series,Country,Details,Ban Category,Ban Status,Wikipedia Profile,Image,Summary,Developer,Publisher,Genre,Homepage
Id,Game,Series,Country,Details,Ban Category,Ban Status,Wikipedia Profile,Image,Summary,Developer,Publisher,Genre,Homepage
Id,Game,Series,Country,Details,Ban Category,Ban Status,Wikipedia Profile,Image,Summary,Developer,Publisher,Genre,Homepage
Id,Game,Series,Country,Details,Ban Category,Ban Status,Wikipedia Profile,Image,Summary,Developer,Publisher,Genre,Homepage
Id,Game,Series,Country,Details,Ban Category,Ban Status,Wikipedia Profile,Image,Summary,Developer,Publisher,Genre,Homepage
Id,Game,Series,Country,Details,Ban Category,Ban Status,Wikipedia Profile,Image,Summary,Developer,Publisher,Genre,Homepage
Id,Game,Series,Country,Details,Ban Category,Ban Status,Wikipedia Profile,Image,Summary,Developer,Publisher,Genre,Homepage
Id,Game,Series,Country,Details,Ban Category,Ban Status,Wikipedia Profile,Image,Summary,Developer,Publisher,Genre,Homepage
Id,Game,Series,Country,Details,Ban Category,Ban Status,Wikipedia Profile,Image,Summary,Developer,Publisher,Genre,Homepage
Id,Game,Series,Country,Details,Ban Category,Ban Status,Wikipedia Profile,Image,Summary,Developer,Publisher,Genre,Homepage
Id,Game,Series,Country,Details,Ban Category,Ban Status,Wikipedia Profile,Image,Summary,Developer,Publisher,Genre,Homepage
Id,Game,Series,Country,Details,Ban Category,Ban Status,Wikipedia Profile,Image,Summary,Developer,Publisher,Genre,Homepage
Id,Game,Series,Country,Details,Ban Category,Ban Status,Wikipedia Profile,Image,Summary,Developer,Publisher,Genre,Homepage
Id,Game,Series,Country,Details,Ban Category,Ban Status,Wikipedia Profile,Image,Summary,Developer,Publisher,Genre,Homepage
Id,Game,Series,Country,Details,Ban Category,Ban Status,Wikipedia Profile,Image,Summary,Developer,Publisher,Genre,Homepage
Id,Game,Series,Country,Details,Ban Category,Ban Status,Wikipedia Profile,Image,Summary,Developer,Publisher,Genre,Homepage
Id,Game,Series,Country,Details,Ban Category,Ban Status,Wikipedia Profile,Image,Summary,Developer,Publisher,Genre,Homepage
Id,Game,Series,Country,Details,Ban Category,Ban Status,Wikipedia Profile,Image,Summary,Developer,Publisher,Genre,Homepage
Id,Game,Series,Country,Details,Ban Category,Ban Status,Wikipedia Profile,Image,Summary,Developer,Publisher,Genre,Homepage
Id,Game,Series,Country,Details,Ban Category,Ban Status,Wikipedia Profile,Image,Summary,Developer,Publisher,Genre,Homepage
Id,Game,Series,Country,Details,Ban Category,Ban Status,Wikipedia Profile,Image,Summary,Developer,Publisher,Genre,Homepage
Id,Game,Series,Country,Details,Ban Category,Ban Status,Wikipedia Profile,Image,Summary,Developer,Publisher,Genre,Homepage
Id,Game,Series,Country,Details,Ban Category,Ban Status,Wikipedia Profile,Image,Summary,Developer,Publisher,Genre,Homepage
Id,Game,Series,Country,Details,Ban Category,Ban Status,Wikipedia Profile,Image,Summary,Developer,Publisher,Genre,Homepage
Id,Game,Series,Country,Details,Ban Category,Ban Status,Wikipedia Profile,Image,Summary,Developer,Publisher,Genre,Homepage
Id,Game,Series,Country,Details,Ban Category,Ban Status,Wikipedia Profile,Image,Summary,Developer,Publisher,Genre,Homepage
Id,Game,Series,Country,Details,Ban Category,Ban Status,Wikipedia Profile,Image,Summary,Developer,Publisher,Genre,Homepage
Id,Game,Series,Country,Details,Ban Category,Ban Status,Wikipedia Profile,Image,Summary,Developer,Publisher,Genre,Homepage
Id,Game,Series,Country,Details,Ban Category,Ban Status,Wikipedia Profile,Image,Summary,Developer,Publisher,Genre,Homepage
Id,Game,Series,Country,Details,Ban Category,Ban Status,Wikipedia Profile,Image,Summary,Developer,Publisher,Genre,Homepage
Id,Game,Series,Country,Details,Ban Category,Ban Status,Wikipedia Profile,Image,Summary,Developer,Publisher,Genre,Homepage
Id,Game,Series,Country,Details,Ban Category,Ban Status,Wikipedia Profile,Image,Summary,Developer,Publisher,Genre,Homepage
